Suite/Test/Step Name,Browser,Description,Tag,Start time,End time,Duration,Status
Verify Invalid_negative,Chrome 94.0.4606.61,,,2021-10-03 00:02:36,2021-10-03 00:04:21,1m - 44.665s,PASSED
,,,,,,,
Test Cases/01 Alegion/001_Verify Invalid,Chrome 94.0.4606.61,,,2021-10-03 00:02:37,2021-10-03 00:03:35,57.811s,PASSED
Start listener action : getCurrentTestCaseId,Chrome 94.0.4606.61,,,2021-10-03 00:02:37,2021-10-03 00:02:38,0.648s,PASSED
dataPath = dataFilePath,Chrome 94.0.4606.61,,,2021-10-03 00:02:38,2021-10-03 00:02:39,0.004s,PASSED
rowIndex = iterationNum.toInteger(),Chrome 94.0.4606.61,,,2021-10-03 00:02:39,2021-10-03 00:02:39,0.003s,PASSED
"callTestCase(findTestCase(""00 Generic/01_Open Browser""), [:], STOP_ON_FAILURE)",Chrome 94.0.4606.61,,,2021-10-03 00:02:39,2021-10-03 00:03:21,42.870s,PASSED
"callTestCase(findTestCase(""00 Generic/03_Invalid Login""), [:], STOP_ON_FAILURE)",Chrome 94.0.4606.61,,,2021-10-03 00:03:21,2021-10-03 00:03:35,13.464s,PASSED
Start listener action : sampleAfterTestCase,Chrome 94.0.4606.61,,,2021-10-03 00:03:35,2021-10-03 00:03:35,0.000s,PASSED
,,,,,,,
Test Cases/01 Alegion/001_Verify Invalid,Chrome 94.0.4606.61,,,2021-10-03 00:03:35,2021-10-03 00:04:21,46.195s,PASSED
Start listener action : getCurrentTestCaseId,Chrome 94.0.4606.61,,,2021-10-03 00:03:35,2021-10-03 00:03:35,0.309s,PASSED
dataPath = dataFilePath,Chrome 94.0.4606.61,,,2021-10-03 00:03:35,2021-10-03 00:03:35,0.001s,PASSED
rowIndex = iterationNum.toInteger(),Chrome 94.0.4606.61,,,2021-10-03 00:03:35,2021-10-03 00:03:35,0.000s,PASSED
"callTestCase(findTestCase(""00 Generic/01_Open Browser""), [:], STOP_ON_FAILURE)",Chrome 94.0.4606.61,,,2021-10-03 00:03:35,2021-10-03 00:04:11,36.143s,PASSED
"callTestCase(findTestCase(""00 Generic/03_Invalid Login""), [:], STOP_ON_FAILURE)",Chrome 94.0.4606.61,,,2021-10-03 00:04:11,2021-10-03 00:04:21,9.724s,PASSED
Start listener action : sampleAfterTestCase,Chrome 94.0.4606.61,,,2021-10-03 00:04:21,2021-10-03 00:04:21,0.000s,PASSED
