Suite/Test/Step Name,Browser,Description,Tag,Start time,End time,Duration,Status
Verify Invalid_negative,,,,2021-10-02 23:58:03,2021-10-02 23:59:23,1m - 20.139s,FAILED
,,,,,,,
Test Cases/01 Alegion/001_Verify Invalid,,,,2021-10-02 23:58:04,2021-10-02 23:59:09,1m - 5.433s,FAILED
Start listener action : getCurrentTestCaseId,,,,2021-10-02 23:58:04,2021-10-02 23:58:04,0.652s,PASSED
dataPath = dataFilePath,,,,2021-10-02 23:58:05,2021-10-02 23:58:05,0.003s,PASSED
rowIndex = iterationNum.toInteger(),,,,2021-10-02 23:58:05,2021-10-02 23:58:05,0.004s,PASSED
"callTestCase(findTestCase(""00 Generic/01_Open Browser""), [:], STOP_ON_FAILURE)",,,,2021-10-02 23:58:05,2021-10-02 23:59:09,1m - 3.916s,FAILED
Start listener action : sampleAfterTestCase,,,,2021-10-02 23:59:09,2021-10-02 23:59:09,0.000s,PASSED
,,,,,,,
Test Cases/01 Alegion/001_Verify Invalid,,,,2021-10-02 23:59:09,2021-10-02 23:59:23,13.985s,FAILED
Start listener action : getCurrentTestCaseId,,,,2021-10-02 23:59:09,2021-10-02 23:59:09,0.234s,PASSED
dataPath = dataFilePath,,,,2021-10-02 23:59:09,2021-10-02 23:59:09,0.001s,PASSED
rowIndex = iterationNum.toInteger(),,,,2021-10-02 23:59:09,2021-10-02 23:59:09,0.001s,PASSED
"callTestCase(findTestCase(""00 Generic/01_Open Browser""), [:], STOP_ON_FAILURE)",,,,2021-10-02 23:59:09,2021-10-02 23:59:23,13.707s,FAILED
Start listener action : sampleAfterTestCase,,,,2021-10-02 23:59:23,2021-10-02 23:59:23,0.010s,PASSED
