Suite/Test/Step Name,Browser,Description,Tag,Start time,End time,Duration,Status
Verify Redirected to Support Page,Chrome 94.0.4606.61,,,2021-10-03 00:04:31,2021-10-03 00:05:17,46.008s,PASSED
,,,,,,,
Test Cases/01 Alegion/002_Verify Contact Support Page,Chrome 94.0.4606.61,,,2021-10-03 00:04:32,2021-10-03 00:05:17,45.544s,PASSED
Start listener action : getCurrentTestCaseId,Chrome 94.0.4606.61,,,2021-10-03 00:04:32,2021-10-03 00:04:32,0.521s,PASSED
"callTestCase(findTestCase(""00 Generic/01_Open Browser""), [:], STOP_ON_FAILURE)",Chrome 94.0.4606.61,,,2021-10-03 00:04:33,2021-10-03 00:05:12,38.722s,PASSED
"objLinkSupport = findTestObject(""Alegion_Login Page/att_link Contact Support"")",Chrome 94.0.4606.61,,,2021-10-03 00:05:12,2021-10-03 00:05:12,0.123s,PASSED
"objSupportPage = findTestObject(""Alegion_Support Page/att_Allegion Support Page"")",Chrome 94.0.4606.61,,,2021-10-03 00:05:12,2021-10-03 00:05:12,0.141s,PASSED
try,Chrome 94.0.4606.61,,,2021-10-03 00:05:12,2021-10-03 00:05:17,4.995s,PASSED
Start listener action : sampleAfterTestCase,Chrome 94.0.4606.61,,,2021-10-03 00:05:17,2021-10-03 00:05:17,0.000s,PASSED
